{
  "project_info": {
    "project_number": "53220620240",
    "project_id": "planthyapp",
    "storage_bucket": "planthyapp.appspot.com"
  },
  "client": [
    {
      "client_info": {
        "mobilesdk_app_id": "1:53220620240:android:506d44de26c5141217ebd5",
        "android_client_info": {
          "package_name": "com.example.planthyapp"
        }
      },
      "oauth_client": [
        {
          "client_id": "53220620240-5pmf6r6bvrq246fc4hctl1sdg3cnhs3e.apps.googleusercontent.com",
          "client_type": 3
        }
      ],
      "api_key": [
        {
          "current_key": "AIzaSyDJ2qfDJCp0OTNFZP1X4AGBU5f6QRzWC9o"
        }
      ],
      "services": {
        "appinvite_service": {
          "other_platform_oauth_client": [
            {
              "client_id": "53220620240-5pmf6r6bvrq246fc4hctl1sdg3cnhs3e.apps.googleusercontent.com",
              "client_type": 3
            }
          ]
        }
      }
    }
  ],
  "configuration_version": "1"
}